{
	"credit": "YARR HARR ME BUCCO KISS ME BUNS",
	"textures": {
		"1": "./pirate_cavalier.png",
		"2": "./feather.png",
		"3": "./eyepatch.png"
	},
	"elements": [
		{
			"from": [8.8, 11, 3.7],
			"to": [11.8, 14, 4.7],
			"faces": {
				"north": {"uv": [0.5, 1, 2, 2.5], "texture": "#3"},
				"east": {"uv": [0, 1, 0.5, 2.5], "texture": "#3"},
				"south": {"uv": [2.5, 1, 4, 2.5], "texture": "#3"},
				"west": {"uv": [2, 1, 2.5, 2.5], "texture": "#3"},
				"up": {"uv": [2, 1, 0.5, 0.5], "texture": "#3"},
				"down": {"uv": [3.5, 0.5, 2, 1], "texture": "#3"}
			}
		},
		{
			"from": [3.9, 13.7, 3.9],
			"to": [12.1, 14.7, 12.2],
			"faces": {
				"north": {"uv": [4, 4.5, 8, 6], "texture": "#3"},
				"east": {"uv": [0, 4.5, 4, 6], "texture": "#3"},
				"south": {"uv": [12, 4.5, 16, 6], "texture": "#3"},
				"west": {"uv": [8, 4.5, 12, 6], "texture": "#3"},
				"down": {"uv": [12, 0.5, 8, 4.5], "texture": "#3"}
			}
		},
		{
			"name": "Feather 2D",
			"from": [5.80174, 17.29166, 11.49413],
			"to": [6.00174, 26.29166, 14.69413],
			"rotation": {"angle": 45, "axis": "x", "origin": [6, 21, 9]},
			"faces": {
				"north": {"uv": [3, 4, 3, 13], "texture": "#2", "cullface": "up"},
				"east": {"uv": [0, 4, 3, 13], "texture": "#2"},
				"south": {"uv": [6, 4, 6, 13], "texture": "#2", "cullface": "up"},
				"west": {"uv": [3, 4, 6, 13], "texture": "#2"},
				"up": {"uv": [3, 4, 3, 1], "texture": "#2", "cullface": "up"}
			}
		},
		{
			"from": [3.8, 14, 3.8],
			"to": [12.2, 17.05, 12.2],
			"faces": {
				"north": {"uv": [2, 2.25, 4, 3], "texture": "#1"},
				"east": {"uv": [0, 2.25, 2, 3], "texture": "#1"},
				"south": {"uv": [6, 2.25, 8, 3], "texture": "#1"},
				"west": {"uv": [4, 2.25, 6, 3], "texture": "#1"},
				"up": {"uv": [4, 2.25, 2, 0.25], "texture": "#1", "cullface": "up"},
				"down": {"uv": [6, 0.25, 4, 2.25], "texture": "#1"}
			}
		},
		{
			"from": [3.8, 12, 8],
			"to": [3.8, 15, 10],
			"faces": {
				"north": {"uv": [0.75, 1, 0.75, 2.25], "texture": "#1"},
				"east": {"uv": [0, 1, 0.75, 2.25], "texture": "#1"},
				"south": {"uv": [1.5, 1, 1.5, 2.25], "texture": "#1"},
				"west": {"uv": [0.75, 1, 1.5, 2.25], "texture": "#1"},
				"down": {"uv": [0.75, 0.25, 0.75, 1], "texture": "#1"}
			}
		},
		{
			"from": [8.5, 14.975, -0.3],
			"to": [9.5, 17.4, 2.7],
			"faces": {
				"north": {"uv": [9, 10.25, 9.25, 10.75], "texture": "#1", "cullface": "north"},
				"east": {"uv": [8.25, 10.25, 9, 10.75], "texture": "#1"},
				"south": {"uv": [10, 10.25, 10.25, 10.75], "texture": "#1"},
				"west": {"uv": [9.25, 10.25, 10, 10.75], "texture": "#1"},
				"up": {"uv": [9.25, 10.25, 9, 9.5], "texture": "#1", "cullface": "up"},
				"down": {"uv": [9.5, 9.5, 9.25, 10.25], "texture": "#1"}
			}
		},
		{
			"from": [6.5, 14.975, -0.3],
			"to": [7.5, 17.4, 2.7],
			"faces": {
				"north": {"uv": [4.75, 9.25, 5, 9.75], "texture": "#1", "cullface": "north"},
				"east": {"uv": [4, 9.25, 4.75, 9.75], "texture": "#1"},
				"south": {"uv": [5.75, 9.25, 6, 9.75], "texture": "#1"},
				"west": {"uv": [5, 9.25, 5.75, 9.75], "texture": "#1"},
				"up": {"uv": [5, 9.25, 4.75, 8.5], "texture": "#1", "cullface": "up"},
				"down": {"uv": [5.25, 8.5, 5, 9.25], "texture": "#1"}
			}
		},
		{
			"from": [9, 14.975, 0.7],
			"to": [10, 18.1, 3.7],
			"faces": {
				"north": {"uv": [5.25, 7.25, 5.5, 8], "texture": "#1"},
				"east": {"uv": [4.5, 7.25, 5.25, 8], "texture": "#1"},
				"south": {"uv": [6.25, 7.25, 6.5, 8], "texture": "#1"},
				"west": {"uv": [5.5, 7.25, 6.25, 8], "texture": "#1"},
				"up": {"uv": [5.5, 7.25, 5.25, 6.5], "texture": "#1", "cullface": "up"},
				"down": {"uv": [5.75, 6.5, 5.5, 7.25], "texture": "#1"}
			}
		},
		{
			"from": [4.9, 15, 2.8],
			"to": [6, 18.6, 4.8],
			"faces": {
				"north": {"uv": [8.5, 2.75, 8.75, 3.5], "texture": "#1"},
				"east": {"uv": [8, 2.75, 8.5, 3.5], "texture": "#1", "cullface": "up"},
				"south": {"uv": [9.25, 2.75, 9.5, 3.5], "texture": "#1", "cullface": "up"},
				"west": {"uv": [8.75, 2.75, 9.25, 3.5], "texture": "#1"},
				"up": {"uv": [8.75, 2.75, 8.5, 2.25], "texture": "#1", "cullface": "up"},
				"down": {"uv": [9, 2.25, 8.75, 2.75], "texture": "#1"}
			}
		},
		{
			"from": [2, 14.5, 8.9],
			"to": [4.1, 18.8, 13.2],
			"faces": {
				"north": {"uv": [5.5, 4, 5.75, 4.75], "texture": "#1"},
				"east": {"uv": [4.5, 4, 5.5, 4.75], "texture": "#1"},
				"south": {"uv": [6.75, 4, 7, 4.75], "texture": "#1"},
				"west": {"uv": [5.75, 4, 6.75, 4.75], "texture": "#1"},
				"up": {"uv": [5.75, 4, 5.5, 3], "texture": "#1", "cullface": "up"},
				"down": {"uv": [6, 3, 5.75, 4], "texture": "#1"}
			}
		},
		{
			"from": [3, 15, 5],
			"to": [4, 19.6, 12],
			"faces": {
				"north": {"uv": [6, 10, 6.25, 11], "texture": "#1"},
				"east": {"uv": [4.25, 10, 6, 11], "texture": "#1", "cullface": "up"},
				"south": {"uv": [8, 10, 8.25, 11], "texture": "#1", "cullface": "up"},
				"west": {"uv": [6.25, 10, 8, 11], "texture": "#1"},
				"up": {"uv": [6.25, 10, 6, 8.25], "texture": "#1", "cullface": "up"},
				"down": {"uv": [6.5, 8.25, 6.25, 10], "texture": "#1"}
			}
		},
		{
			"from": [3.7, 15, 3.7],
			"to": [4.9, 19, 5.9],
			"faces": {
				"north": {"uv": [0.5, 6.5, 0.75, 7.5], "texture": "#1"},
				"east": {"uv": [0, 6.5, 0.5, 7.5], "texture": "#1", "cullface": "up"},
				"south": {"uv": [1.25, 6.5, 1.5, 7.5], "texture": "#1", "cullface": "up"},
				"west": {"uv": [0.75, 6.5, 1.25, 7.5], "texture": "#1"},
				"up": {"uv": [0.75, 6.5, 0.5, 6], "texture": "#1", "cullface": "up"},
				"down": {"uv": [1, 6, 0.75, 6.5], "texture": "#1"}
			}
		},
		{
			"from": [6, 14.975, 0.7],
			"to": [7, 18.1, 3.7],
			"faces": {
				"north": {"uv": [2.75, 9.25, 3, 10], "texture": "#1"},
				"east": {"uv": [2, 9.25, 2.75, 10], "texture": "#1"},
				"south": {"uv": [3.75, 9.25, 4, 10], "texture": "#1"},
				"west": {"uv": [3, 9.25, 3.75, 10], "texture": "#1"},
				"up": {"uv": [3, 9.25, 2.75, 8.5], "texture": "#1", "cullface": "up"},
				"down": {"uv": [3.25, 8.5, 3, 9.25], "texture": "#1"}
			}
		},
		{
			"from": [7, 14.95, -1],
			"to": [9, 17.4, 0],
			"faces": {
				"north": {"uv": [0.25, 5, 0.75, 5.5], "texture": "#1", "cullface": "north"},
				"east": {"uv": [0, 5, 0.25, 5.5], "texture": "#1", "cullface": "north"},
				"south": {"uv": [1, 5, 1.5, 5.5], "texture": "#1", "cullface": "north"},
				"west": {"uv": [0.75, 5, 1, 5.5], "texture": "#1", "cullface": "north"},
				"up": {"uv": [0.75, 5, 0.25, 4.75], "texture": "#1", "cullface": "north"},
				"down": {"uv": [1.25, 4.75, 0.75, 5], "texture": "#1", "cullface": "north"}
			}
		},
		{
			"from": [11, 15, 3.7],
			"to": [12.3, 19, 5.8],
			"faces": {
				"north": {"uv": [6.5, 0.5, 6.75, 1.5], "texture": "#1"},
				"east": {"uv": [6, 0.5, 6.5, 1.5], "texture": "#1"},
				"south": {"uv": [7.25, 0.5, 7.5, 1.5], "texture": "#1", "cullface": "up"},
				"west": {"uv": [6.75, 0.5, 7.25, 1.5], "texture": "#1", "cullface": "up"},
				"up": {"uv": [6.75, 0.5, 6.5, 0], "texture": "#1", "cullface": "up"},
				"down": {"uv": [7, 0, 6.75, 0.5], "texture": "#1"}
			}
		},
		{
			"from": [12, 14.3, 8.9],
			"to": [14.1, 18.8, 13.3],
			"faces": {
				"north": {"uv": [1, 4, 1.25, 4.75], "texture": "#1"},
				"east": {"uv": [0, 4, 1, 4.75], "texture": "#1"},
				"south": {"uv": [2.25, 4, 2.5, 4.75], "texture": "#1"},
				"west": {"uv": [1.25, 4, 2.25, 4.75], "texture": "#1"},
				"up": {"uv": [1.25, 4, 1, 3], "texture": "#1", "cullface": "up"},
				"down": {"uv": [1.5, 3, 1.25, 4], "texture": "#1"}
			}
		},
		{
			"from": [12, 15, 5],
			"to": [13, 19.6, 12],
			"faces": {
				"north": {"uv": [9.75, 4, 10, 5], "texture": "#1"},
				"east": {"uv": [8, 4, 9.75, 5], "texture": "#1"},
				"south": {"uv": [11.75, 4, 12, 5], "texture": "#1", "cullface": "up"},
				"west": {"uv": [10, 4, 11.75, 5], "texture": "#1", "cullface": "up"},
				"up": {"uv": [10, 4, 9.75, 2.25], "texture": "#1", "cullface": "up"},
				"down": {"uv": [10.25, 2.25, 10, 4], "texture": "#1"}
			}
		},
		{
			"from": [5, 15, 5],
			"to": [11, 17.8, 11],
			"faces": {
				"north": {"uv": [1.5, 8, 3, 8.5], "texture": "#1", "cullface": "up"},
				"east": {"uv": [0, 8, 1.5, 8.5], "texture": "#1", "cullface": "up"},
				"south": {"uv": [4.5, 8, 6, 8.5], "texture": "#1", "cullface": "up"},
				"west": {"uv": [3, 8, 4.5, 8.5], "texture": "#1", "cullface": "up"},
				"up": {"uv": [3, 8, 1.5, 6.5], "texture": "#1", "cullface": "up"}
			}
		},
		{
			"from": [4, 15.1, 4],
			"to": [12, 17.15, 11],
			"faces": {
				"north": {"uv": [7.75, 1.75, 9.75, 2.25], "texture": "#1", "cullface": "up"},
				"south": {"uv": [11.5, 1.75, 13.5, 2.25], "texture": "#1", "cullface": "up"},
				"up": {"uv": [9.75, 1.75, 7.75, 0], "texture": "#1", "cullface": "up"}
			}
		},
		{
			"from": [7, 15, 0],
			"to": [9, 17.05, 11],
			"faces": {
				"up": {"uv": [7.5, 6, 7, 3.25], "texture": "#1", "cullface": "up"},
				"down": {"uv": [8, 3.25, 7.5, 6], "texture": "#1"}
			}
		},
		{
			"from": [6, 15, 1],
			"to": [10, 17.05, 11],
			"faces": {
				"up": {"uv": [3.5, 5.5, 2.5, 3], "texture": "#1", "cullface": "up"},
				"down": {"uv": [4.5, 3, 3.5, 5.5], "texture": "#1"}
			}
		},
		{
			"from": [3, 15, 12],
			"to": [13, 17.8, 13],
			"faces": {
				"north": {"uv": [8.25, 5.25, 9.75, 5.75], "texture": "#1", "cullface": "up"},
				"south": {"uv": [10, 5.25, 11.5, 5.75], "texture": "#1"},
				"up": {"uv": [9.75, 5.25, 8.25, 5], "texture": "#1", "cullface": "up"},
				"down": {"uv": [11.25, 5, 9.75, 5.25], "texture": "#1"}
			}
		},
		{
			"from": [6, 17, 6],
			"to": [10, 18.8, 10],
			"faces": {
				"north": {"uv": [7.5, 9.25, 8.5, 9.5], "texture": "#1", "cullface": "up"},
				"east": {"uv": [6.5, 9.25, 7.5, 9.5], "texture": "#1", "cullface": "up"},
				"south": {"uv": [9.5, 9.25, 10.5, 9.5], "texture": "#1", "cullface": "up"},
				"west": {"uv": [8.5, 9.25, 9.5, 9.5], "texture": "#1", "cullface": "up"},
				"up": {"uv": [8.5, 9.25, 7.5, 8.25], "texture": "#1", "cullface": "up"}
			}
		},
		{
			"from": [10, 15, 3],
			"to": [11, 18.6, 5],
			"faces": {
				"north": {"uv": [2.5, 10.5, 2.75, 11.25], "texture": "#1"},
				"east": {"uv": [2, 10.5, 2.5, 11.25], "texture": "#1"},
				"south": {"uv": [3.25, 10.5, 3.5, 11.25], "texture": "#1", "cullface": "up"},
				"west": {"uv": [2.75, 10.5, 3.25, 11.25], "texture": "#1", "cullface": "up"},
				"up": {"uv": [2.75, 10.5, 2.5, 10], "texture": "#1", "cullface": "up"},
				"down": {"uv": [3, 10, 2.75, 10.5], "texture": "#1"}
			}
		}
	],
	"display": {
		"thirdperson_righthand": {
			"translation": [0, -3, 2.25],
			"scale": [0.5, 0.5, 0.5]
		},
		"thirdperson_lefthand": {
			"translation": [0, -3.75, 2.25],
			"scale": [0.5, 0.5, 0.5]
		},
		"firstperson_righthand": {
			"rotation": [-124, 78, 131],
			"translation": [1, 0, 0],
			"scale": [0.5, 0.5, 0.5]
		},
		"firstperson_lefthand": {
			"rotation": [6, 113, -5],
			"translation": [1.5, 0, 0],
			"scale": [0.5, 0.5, 0.5]
		},
		"ground": {
			"translation": [0, -6.25, 0]
		},
		"gui": {
			"rotation": [9, 152, 0],
			"translation": [-0.75, -7.5, 0],
			"scale": [0.9, 0.9, 0.9]
		},
		"head": {
			"translation": [-0.25, -8.5, 0],
			"scale": [1.65, 1.65, 1.65]
		},
		"fixed": {
			"rotation": [0, 180, 0],
			"translation": [-0.25, 20, 17.25],
			"scale": [2, 2, 2]
		}
	},
	"groups": [
		{
			"name": "Eyepatch",
			"children": [0, 1]
		},
		{
			"name": "group",
			"children": [2, 3, 4, 5, 6, 7, 8, 9, 10, 11, 12, 13, 14, 15, 16, 17, 18, 19, 20, 21, 22, 23]
		}
	]
}