{
	"credit": "Kiss my buns asshole",
	"textures": {
		"0": "./ehat_mothercluster.png"
	},
	"elements": [
		{
			"from": [4, 16, 5],
			"to": [12, 17.5, 12],
			"faces": {
				"north": {"uv": [0, 2.66667, 2.33333, 3], "texture": "#0"},
				"east": {"uv": [0, 2.66667, 2.33333, 3], "texture": "#0"},
				"south": {"uv": [0, 2.66667, 2.33333, 3], "texture": "#0"},
				"west": {"uv": [0, 2.66667, 2.33333, 3], "texture": "#0"},
				"up": {"uv": [0, 2.66667, 2.33333, 3], "texture": "#0"},
				"down": {"uv": [0, 2.66667, 2.33333, 3], "texture": "#0"}
			}
		},
		{
			"from": [5, 17, 7],
			"to": [11, 18.5, 13],
			"faces": {
				"north": {"uv": [0, 5, 2, 5.33333], "texture": "#0"},
				"east": {"uv": [0, 5, 2, 5.33333], "texture": "#0"},
				"south": {"uv": [0, 5, 2, 5.33333], "texture": "#0"},
				"west": {"uv": [0, 5, 2, 5.33333], "texture": "#0"},
				"up": {"uv": [0, 5, 2, 5.33333], "texture": "#0"},
				"down": {"uv": [0, 5, 2, 5.33333], "texture": "#0"}
			}
		},
		{
			"from": [5, 6.38268, 15.07612],
			"to": [11, 11.13268, 18.57612],
			"rotation": {"angle": -45, "axis": "x", "origin": [4, 8, 7]},
			"faces": {
				"north": {"uv": [0, 6.33333, 1, 7.66667], "texture": "#0"},
				"east": {"uv": [0, 6.33333, 1, 7.66667], "texture": "#0"},
				"south": {"uv": [0, 6.33333, 1, 7.66667], "texture": "#0"},
				"west": {"uv": [0, 6.33333, 1, 7.66667], "texture": "#0"},
				"up": {"uv": [0, 6.33333, 1, 7.66667], "texture": "#0"},
				"down": {"uv": [0, 6.33333, 1, 7.66667], "texture": "#0"}
			}
		},
		{
			"from": [5.5, 6.38268, 13.07612],
			"to": [10.3, 12.38268, 16.17612],
			"rotation": {"angle": -22.5, "axis": "x", "origin": [4, 8, 7]},
			"faces": {
				"north": {"uv": [6, 6.33333, 7, 8.33333], "texture": "#0"},
				"east": {"uv": [6, 6.33333, 7, 8.33333], "texture": "#0"},
				"south": {"uv": [6, 6.33333, 7, 8.33333], "texture": "#0"},
				"west": {"uv": [6, 6.33333, 7, 8.33333], "texture": "#0"},
				"up": {"uv": [6, 6.33333, 7, 8.33333], "texture": "#0"},
				"down": {"uv": [6, 6.33333, 7, 8.33333], "texture": "#0"}
			}
		},
		{
			"from": [6.5, 7.38268, 12.77612],
			"to": [9.3, 11.38268, 15.17612],
			"faces": {
				"north": {"uv": [0, 10, 0.66667, 11.33333], "texture": "#0"},
				"east": {"uv": [0, 10, 0.66667, 11.33333], "texture": "#0"},
				"south": {"uv": [0, 10, 0.66667, 11.33333], "texture": "#0"},
				"west": {"uv": [0, 10, 0.66667, 11.33333], "texture": "#0"},
				"up": {"uv": [0, 10, 0.66667, 11.33333], "texture": "#0"},
				"down": {"uv": [0, 10, 0.66667, 11.33333], "texture": "#0"}
			}
		},
		{
			"from": [7.2, 5.38268, 12.87612],
			"to": [8.7, 8.38268, 13.97612],
			"faces": {
				"north": {"uv": [4, 8, 4.33333, 9], "texture": "#0"},
				"east": {"uv": [4, 8, 4.33333, 9], "texture": "#0"},
				"south": {"uv": [4, 8, 4.33333, 9], "texture": "#0"},
				"west": {"uv": [4, 8, 4.33333, 9], "texture": "#0"},
				"up": {"uv": [4, 8, 4.33333, 9], "texture": "#0"},
				"down": {"uv": [4, 8, 4.33333, 9], "texture": "#0"}
			}
		},
		{
			"from": [9.8, 10.45, 2.25],
			"to": [10.05, 11.2, 2.75],
			"faces": {
				"north": {"uv": [7.66667, 1.66667, 7.66667, 1.66667], "texture": "#0"},
				"east": {"uv": [7.66667, 1.66667, 7.66667, 1.66667], "texture": "#0"},
				"south": {"uv": [7.66667, 1.66667, 7.66667, 1.66667], "texture": "#0"},
				"west": {"uv": [7.66667, 1.66667, 7.66667, 1.66667], "texture": "#0"},
				"up": {"uv": [7.66667, 1.66667, 7.66667, 1.66667], "texture": "#0"},
				"down": {"uv": [7.66667, 1.66667, 7.66667, 1.66667], "texture": "#0"}
			}
		},
		{
			"from": [5.95, 10.45, 2.25],
			"to": [6.2, 11.2, 2.75],
			"faces": {
				"north": {"uv": [8, 4.66667, 8, 4.66667], "texture": "#0"},
				"east": {"uv": [8, 4.66667, 8, 4.66667], "texture": "#0"},
				"south": {"uv": [8, 4.66667, 8, 4.66667], "texture": "#0"},
				"west": {"uv": [8, 4.66667, 8, 4.66667], "texture": "#0"},
				"up": {"uv": [8, 4.66667, 8, 4.66667], "texture": "#0"},
				"down": {"uv": [8, 4.66667, 8, 4.66667], "texture": "#0"}
			}
		},
		{
			"from": [6.5, 11.25, 2],
			"to": [9.5, 13.5, 5.5],
			"rotation": {"angle": -22.5, "axis": "x", "origin": [8, 12, 3]},
			"faces": {
				"north": {"uv": [0, 8.66667, 1, 9.33333], "texture": "#0"},
				"east": {"uv": [0, 8.66667, 1, 9.33333], "texture": "#0"},
				"south": {"uv": [0, 8.66667, 1, 9.33333], "texture": "#0"},
				"west": {"uv": [0, 8.66667, 1, 9.33333], "texture": "#0"},
				"up": {"uv": [0, 8.66667, 1, 9.33333], "texture": "#0"},
				"down": {"uv": [0, 8.66667, 1, 9.33333], "texture": "#0"}
			}
		},
		{
			"from": [5.9, 10.95, 1.5],
			"to": [10.1, 13.05, 4.5],
			"faces": {
				"north": {"uv": [6, 4, 7, 4.66667], "texture": "#0"},
				"east": {"uv": [6, 4, 7, 4.66667], "texture": "#0"},
				"south": {"uv": [6, 4, 7, 4.66667], "texture": "#0"},
				"west": {"uv": [6, 4, 7, 4.66667], "texture": "#0"},
				"up": {"uv": [6, 4, 7, 4.66667], "texture": "#0"},
				"down": {"uv": [6, 4, 7, 4.66667], "texture": "#0"}
			}
		},
		{
			"from": [6.2, 9.95, 1.7],
			"to": [9.7, 12.25, 4.5],
			"rotation": {"angle": 22.5, "axis": "x", "origin": [8, 10, 3]},
			"faces": {
				"north": {"uv": [8.66667, 10.33333, 9.33333, 11], "texture": "#0"},
				"east": {"uv": [8.66667, 10.33333, 9.33333, 11], "texture": "#0"},
				"south": {"uv": [8.66667, 10.33333, 9.33333, 11], "texture": "#0"},
				"west": {"uv": [8.66667, 10.33333, 9.33333, 11], "texture": "#0"},
				"up": {"uv": [8.66667, 10.33333, 9.33333, 11], "texture": "#0"},
				"down": {"uv": [8.66667, 10.33333, 9.33333, 11], "texture": "#0"}
			}
		},
		{
			"from": [6.2, 10.25, 1.7],
			"to": [9.8, 12.55, 4.5],
			"faces": {
				"north": {"uv": [8, 9, 8.66667, 9.66667], "texture": "#0"},
				"east": {"uv": [8, 9, 8.66667, 9.66667], "texture": "#0"},
				"south": {"uv": [8, 9, 8.66667, 9.66667], "texture": "#0"},
				"west": {"uv": [8, 9, 8.66667, 9.66667], "texture": "#0"},
				"up": {"uv": [8, 9, 8.66667, 9.66667], "texture": "#0"},
				"down": {"uv": [8, 9, 8.66667, 9.66667], "texture": "#0"}
			}
		},
		{
			"from": [10.5, 16.2, 8.4],
			"to": [11.5, 20.6, 10.6],
			"rotation": {"angle": 45, "axis": "x", "origin": [5, 19, 8.5]},
			"faces": {
				"north": {"uv": [0, 1, 0.66667, 2.33333], "texture": "#0"},
				"east": {"uv": [0, 1, 0.66667, 2.33333], "texture": "#0"},
				"south": {"uv": [0, 1, 0.66667, 2.33333], "texture": "#0"},
				"west": {"uv": [0, 1, 0.66667, 2.33333], "texture": "#0"},
				"up": {"uv": [0, 1, 0.66667, 2.33333], "texture": "#0"},
				"down": {"uv": [0, 1, 0.66667, 2.33333], "texture": "#0"}
			}
		},
		{
			"from": [10.5, 17.2, 8.9],
			"to": [11.5, 22.6, 10.4],
			"rotation": {"angle": 45, "axis": "x", "origin": [5, 19, 8.5]},
			"faces": {
				"north": {"uv": [10.66667, 5.33333, 11, 7], "texture": "#0"},
				"east": {"uv": [10.66667, 5.33333, 11, 7], "texture": "#0"},
				"south": {"uv": [10.66667, 5.33333, 11, 7], "texture": "#0"},
				"west": {"uv": [10.66667, 5.33333, 11, 7], "texture": "#0"},
				"up": {"uv": [10.66667, 5.33333, 11, 7], "texture": "#0"},
				"down": {"uv": [10.66667, 5.33333, 11, 7], "texture": "#0"}
			}
		},
		{
			"from": [4.5, 16.2, 8.4],
			"to": [5.5, 20.6, 10.6],
			"rotation": {"angle": 45, "axis": "x", "origin": [5, 19, 8.5]},
			"faces": {
				"north": {"uv": [0, 3.66667, 0.66667, 5], "texture": "#0"},
				"east": {"uv": [0, 3.66667, 0.66667, 5], "texture": "#0"},
				"south": {"uv": [0, 3.66667, 0.66667, 5], "texture": "#0"},
				"west": {"uv": [0, 3.66667, 0.66667, 5], "texture": "#0"},
				"up": {"uv": [0, 3.66667, 0.66667, 5], "texture": "#0"},
				"down": {"uv": [0, 3.66667, 0.66667, 5], "texture": "#0"}
			}
		},
		{
			"from": [4.5, 17.2, 8.9],
			"to": [5.5, 22.6, 10.4],
			"rotation": {"angle": 45, "axis": "x", "origin": [5, 19, 8.5]},
			"faces": {
				"north": {"uv": [10.66667, 7.33333, 11, 9], "texture": "#0"},
				"east": {"uv": [10.66667, 7.33333, 11, 9], "texture": "#0"},
				"south": {"uv": [10.66667, 7.33333, 11, 9], "texture": "#0"},
				"west": {"uv": [10.66667, 7.33333, 11, 9], "texture": "#0"},
				"up": {"uv": [10.66667, 7.33333, 11, 9], "texture": "#0"},
				"down": {"uv": [10.66667, 7.33333, 11, 9], "texture": "#0"}
			}
		},
		{
			"from": [4.25, 13.7, 9.7],
			"to": [5.25, 14.3, 14.1],
			"rotation": {"angle": -22.5, "axis": "y", "origin": [5, 19, 8.5]},
			"faces": {
				"north": {"uv": [6, 9.66667, 7.33333, 9.66667], "texture": "#0"},
				"east": {"uv": [6, 9.66667, 7.33333, 9.66667], "texture": "#0"},
				"south": {"uv": [6, 9.66667, 7.33333, 9.66667], "texture": "#0"},
				"west": {"uv": [6, 9.66667, 7.33333, 9.66667], "texture": "#0"},
				"up": {"uv": [6, 9.66667, 7.33333, 9.66667], "texture": "#0"},
				"down": {"uv": [6, 9.66667, 7.33333, 9.66667], "texture": "#0"}
			}
		},
		{
			"from": [4.25, 13.4, 8.7],
			"to": [5.25, 14.6, 13.1],
			"rotation": {"angle": -22.5, "axis": "y", "origin": [5, 19, 8.5]},
			"faces": {
				"north": {"uv": [7.66667, 1.33333, 9, 1.66667], "texture": "#0"},
				"east": {"uv": [7.66667, 1.33333, 9, 1.66667], "texture": "#0"},
				"south": {"uv": [7.66667, 1.33333, 9, 1.66667], "texture": "#0"},
				"west": {"uv": [7.66667, 1.33333, 9, 1.66667], "texture": "#0"},
				"up": {"uv": [7.66667, 1.33333, 9, 1.66667], "texture": "#0"},
				"down": {"uv": [7.66667, 1.33333, 9, 1.66667], "texture": "#0"}
			}
		},
		{
			"from": [10.95, 13.7, 9.2],
			"to": [11.95, 14.3, 13.6],
			"rotation": {"angle": 22.5, "axis": "y", "origin": [13, 19, 8.5]},
			"faces": {
				"north": {"uv": [2.66667, 10.66667, 4, 10.66667], "texture": "#0"},
				"east": {"uv": [2.66667, 10.66667, 4, 10.66667], "texture": "#0"},
				"south": {"uv": [2.66667, 10.66667, 4, 10.66667], "texture": "#0"},
				"west": {"uv": [2.66667, 10.66667, 4, 10.66667], "texture": "#0"},
				"up": {"uv": [2.66667, 10.66667, 4, 10.66667], "texture": "#0"},
				"down": {"uv": [2.66667, 10.66667, 4, 10.66667], "texture": "#0"}
			}
		},
		{
			"from": [10.95, 13.4, 8.2],
			"to": [11.95, 14.6, 12.6],
			"rotation": {"angle": 22.5, "axis": "y", "origin": [13, 19, 8.5]},
			"faces": {
				"north": {"uv": [4, 9, 5.33333, 9.33333], "texture": "#0"},
				"east": {"uv": [4, 9, 5.33333, 9.33333], "texture": "#0"},
				"south": {"uv": [4, 9, 5.33333, 9.33333], "texture": "#0"},
				"west": {"uv": [4, 9, 5.33333, 9.33333], "texture": "#0"},
				"up": {"uv": [4, 9, 5.33333, 9.33333], "texture": "#0"},
				"down": {"uv": [4, 9, 5.33333, 9.33333], "texture": "#0"}
			}
		},
		{
			"from": [5, 10.7, 13.1],
			"to": [5.25, 11.3, 14.1],
			"rotation": {"angle": -22.5, "axis": "y", "origin": [5, 16, 8.5]},
			"faces": {
				"north": {"uv": [7.66667, 0.33333, 8, 0.33333], "texture": "#0"},
				"east": {"uv": [7.66667, 0.33333, 8, 0.33333], "texture": "#0"},
				"south": {"uv": [7.66667, 0.33333, 8, 0.33333], "texture": "#0"},
				"west": {"uv": [7.66667, 0.33333, 8, 0.33333], "texture": "#0"},
				"up": {"uv": [7.66667, 0.33333, 8, 0.33333], "texture": "#0"},
				"down": {"uv": [7.66667, 0.33333, 8, 0.33333], "texture": "#0"}
			}
		},
		{
			"from": [5, 10.4, 8.7],
			"to": [5.25, 11.6, 13.1],
			"rotation": {"angle": -22.5, "axis": "y", "origin": [5, 16, 8.5]},
			"faces": {
				"north": {"uv": [9.33333, 4.66667, 10.66667, 5], "texture": "#0"},
				"east": {"uv": [9.33333, 4.66667, 10.66667, 5], "texture": "#0"},
				"south": {"uv": [9.33333, 4.66667, 10.66667, 5], "texture": "#0"},
				"west": {"uv": [9.33333, 4.66667, 10.66667, 5], "texture": "#0"},
				"up": {"uv": [9.33333, 4.66667, 10.66667, 5], "texture": "#0"},
				"down": {"uv": [9.33333, 4.66667, 10.66667, 5], "texture": "#0"}
			}
		},
		{
			"from": [10.9, 10.4, 8.2],
			"to": [11.15, 11.6, 12.6],
			"rotation": {"angle": 22.5, "axis": "y", "origin": [13, 16, 8.5]},
			"faces": {
				"north": {"uv": [9.66667, 1.66667, 11, 2], "texture": "#0"},
				"east": {"uv": [9.66667, 1.66667, 11, 2], "texture": "#0"},
				"south": {"uv": [9.66667, 1.66667, 11, 2], "texture": "#0"},
				"west": {"uv": [9.66667, 1.66667, 11, 2], "texture": "#0"},
				"up": {"uv": [9.66667, 1.66667, 11, 2], "texture": "#0"},
				"down": {"uv": [9.66667, 1.66667, 11, 2], "texture": "#0"}
			}
		},
		{
			"from": [10.9, 10.7, 9.2],
			"to": [11.15, 11.3, 13.6],
			"rotation": {"angle": 22.5, "axis": "y", "origin": [13, 16, 8.5]},
			"faces": {
				"north": {"uv": [4.66667, 11.33333, 6, 11.33333], "texture": "#0"},
				"east": {"uv": [4.66667, 11.33333, 6, 11.33333], "texture": "#0"},
				"south": {"uv": [4.66667, 11.33333, 6, 11.33333], "texture": "#0"},
				"west": {"uv": [4.66667, 11.33333, 6, 11.33333], "texture": "#0"},
				"up": {"uv": [4.66667, 11.33333, 6, 11.33333], "texture": "#0"},
				"down": {"uv": [4.66667, 11.33333, 6, 11.33333], "texture": "#0"}
			}
		},
		{
			"from": [3.8, 13, 9.1],
			"to": [4.1, 14, 9.4],
			"faces": {
				"north": {"uv": [7.66667, 0.66667, 7.66667, 1], "texture": "#0"},
				"east": {"uv": [7.66667, 0.66667, 7.66667, 1], "texture": "#0"},
				"south": {"uv": [7.66667, 0.66667, 7.66667, 1], "texture": "#0"},
				"west": {"uv": [7.66667, 0.66667, 7.66667, 1], "texture": "#0"},
				"up": {"uv": [7.66667, 0.66667, 7.66667, 1], "texture": "#0"},
				"down": {"uv": [7.66667, 0.66667, 7.66667, 1], "texture": "#0"}
			}
		},
		{
			"from": [3.05, 12.25, 7.85],
			"to": [4.35, 13.25, 9.15],
			"rotation": {"angle": -45, "axis": "y", "origin": [3, 13.5, 9.5]},
			"faces": {
				"north": {"uv": [5, 5.66667, 5.33333, 6], "texture": "#0"},
				"east": {"uv": [5, 5.66667, 5.33333, 6], "texture": "#0"},
				"south": {"uv": [5, 5.66667, 5.33333, 6], "texture": "#0"},
				"west": {"uv": [5, 5.66667, 5.33333, 6], "texture": "#0"},
				"up": {"uv": [5, 5.66667, 5.33333, 6], "texture": "#0"},
				"down": {"uv": [5, 5.66667, 5.33333, 6], "texture": "#0"}
			}
		}
	],
	"display": {
		"thirdperson_righthand": {
			"scale": [0, 0, 0]
		},
		"thirdperson_lefthand": {
			"scale": [0, 0, 0]
		},
		"firstperson_righthand": {
			"scale": [0, 0, 0]
		},
		"firstperson_lefthand": {
			"scale": [0, 0, 0]
		},
		"gui": {
			"rotation": [0, 90, 0],
			"translation": [-1, -4.5, 0],
			"scale": [0.8, 0.8, 0.8]
		},
		"head": {
			"translation": [0, -7.75, 0],
			"scale": [1.61, 1.61, 1.61]
		},
		"fixed": {
			"translation": [0, -6, 0],
			"scale": [0, 0, 0]
		}
	},
	"groups": [
		{
			"name": "Head.armor",
			"children": [
				{
					"name": "Hat + Ears",
					"children": [0, 1, 2, 3, 4, 5]
				},
				{
					"name": "Snout",
					"children": [6, 7, 8, 9, 10, 11]
				},
				{
					"name": "group",
					"children": [12, 13]
				},
				{
					"name": "group2",
					"children": [14, 15, 16, 17, 18, 19, 20, 21, 22, 23, 24, 25]
				}
			]
		}
	]
}