{
	"credit": "Made by MotherCluster",
	"textures": {
		"0": "./eweapon_mothercluster.png"
	},
	"elements": [
		{
			"from": [13, -4, -5],
			"to": [14, -3, 21],
			"faces": {
				"north": {"uv": [6.5, 6.75, 6.75, 7], "texture": "#0"},
				"east": {"uv": [0, 6.75, 6.5, 7], "texture": "#0"},
				"south": {"uv": [13.25, 6.75, 13.5, 7], "texture": "#0"},
				"west": {"uv": [6.75, 6.75, 13.25, 7], "texture": "#0"},
				"up": {"uv": [6.75, 6.75, 6.5, 0.25], "texture": "#0"},
				"down": {"uv": [7, 0.25, 6.75, 6.75], "texture": "#0"}
			}
		},
		{
			"from": [13, -3, -6.25],
			"to": [14, 0, -5.25],
			"rotation": {"angle": -45, "axis": "x", "origin": [13.5, -2, -4.5]},
			"faces": {
				"north": {"uv": [0.25, 2.25, 0.5, 3], "texture": "#0"},
				"east": {"uv": [0, 2.25, 0.25, 3], "texture": "#0"},
				"south": {"uv": [0.75, 2.25, 1, 3], "texture": "#0"},
				"west": {"uv": [0.5, 2.25, 0.75, 3], "texture": "#0"},
				"up": {"uv": [0.5, 2.25, 0.25, 2], "texture": "#0"},
				"down": {"uv": [0.75, 2, 0.5, 2.25], "texture": "#0"}
			}
		},
		{
			"from": [13, 0, -10.75],
			"to": [14, 1, -5.25],
			"rotation": {"angle": -45, "axis": "x", "origin": [13.5, -2, -4.5]},
			"faces": {
				"north": {"uv": [1.25, 3.25, 1.5, 3.5], "texture": "#0"},
				"east": {"uv": [0, 3.25, 1.25, 3.5], "texture": "#0"},
				"south": {"uv": [2.75, 3.25, 3, 3.5], "texture": "#0"},
				"west": {"uv": [1.5, 3.25, 2.75, 3.5], "texture": "#0"},
				"up": {"uv": [1.5, 3.25, 1.25, 2], "texture": "#0"},
				"down": {"uv": [1.75, 2, 1.5, 3.25], "texture": "#0"}
			}
		},
		{
			"from": [13, -4, -10.75],
			"to": [14, 1, -9.75],
			"rotation": {"angle": -45, "axis": "x", "origin": [13.5, -2, -4.5]},
			"faces": {
				"north": {"uv": [0.25, 0.5, 0.5, 1.75], "texture": "#0"},
				"east": {"uv": [0, 0.5, 0.25, 1.75], "texture": "#0"},
				"south": {"uv": [0.75, 0.5, 1, 1.75], "texture": "#0"},
				"west": {"uv": [0.5, 0.5, 0.75, 1.75], "texture": "#0"},
				"up": {"uv": [0.5, 0.5, 0.25, 0.25], "texture": "#0"},
				"down": {"uv": [0.75, 0.25, 0.5, 0.5], "texture": "#0"}
			}
		},
		{
			"from": [13, -4, -10.75],
			"to": [14, -3, -7.75],
			"rotation": {"angle": -45, "axis": "x", "origin": [13.5, -2, -4.5]},
			"faces": {
				"north": {"uv": [2.5, 2.75, 2.75, 3], "texture": "#0"},
				"east": {"uv": [1.75, 2.75, 2.5, 3], "texture": "#0"},
				"south": {"uv": [3.5, 2.75, 3.75, 3], "texture": "#0"},
				"west": {"uv": [2.75, 2.75, 3.5, 3], "texture": "#0"},
				"up": {"uv": [2.75, 2.75, 2.5, 2], "texture": "#0"},
				"down": {"uv": [3, 2, 2.75, 2.75], "texture": "#0"}
			}
		},
		{
			"from": [15.1, -4.65, -7.1],
			"to": [16.1, -3.65, -6.1],
			"rotation": {"angle": 45, "axis": "y", "origin": [13.5, -2.2, -4.5]},
			"faces": {
				"north": {"uv": [2.25, 0.25, 2.5, 0.5], "texture": "#0"},
				"east": {"uv": [2, 0.25, 2.25, 0.5], "texture": "#0"},
				"south": {"uv": [2.75, 0.25, 3, 0.5], "texture": "#0"},
				"west": {"uv": [2.5, 0.25, 2.75, 0.5], "texture": "#0"},
				"up": {"uv": [2.5, 0.25, 2.25, 0], "texture": "#0"},
				"down": {"uv": [2.75, 0, 2.5, 0.25], "texture": "#0"}
			}
		},
		{
			"from": [12.95, -4.05, 5],
			"to": [14.05, -2.95, 11],
			"faces": {
				"north": {"uv": [1.5, 1.75, 1.75, 2], "texture": "#0"},
				"east": {"uv": [0, 1.75, 1.5, 2], "texture": "#0"},
				"south": {"uv": [3.25, 1.75, 3.5, 2], "texture": "#0"},
				"west": {"uv": [1.75, 1.75, 3.25, 2], "texture": "#0"},
				"up": {"uv": [1.75, 1.75, 1.5, 0.25], "texture": "#0"},
				"down": {"uv": [2, 0.25, 1.75, 1.75], "texture": "#0"}
			}
		},
		{
			"from": [12.85, -4.15, 6],
			"to": [14.15, -2.85, 7.3],
			"faces": {
				"north": {"uv": [1.5, 1.75, 1.75, 2], "texture": "#0"},
				"east": {"uv": [0, 1.75, 1.5, 2], "texture": "#0"},
				"south": {"uv": [3.25, 1.75, 3.5, 2], "texture": "#0"},
				"west": {"uv": [1.75, 1.75, 3.25, 2], "texture": "#0"},
				"up": {"uv": [1.75, 1.75, 1.5, 0.25], "texture": "#0"},
				"down": {"uv": [2, 0.25, 1.75, 1.75], "texture": "#0"}
			}
		},
		{
			"from": [12.85, -4.15, 8.7],
			"to": [14.15, -2.85, 10],
			"faces": {
				"north": {"uv": [1.5, 1.75, 1.75, 2], "texture": "#0"},
				"east": {"uv": [0, 1.75, 1.5, 2], "texture": "#0"},
				"south": {"uv": [3.25, 1.75, 3.5, 2], "texture": "#0"},
				"west": {"uv": [1.75, 1.75, 3.25, 2], "texture": "#0"},
				"up": {"uv": [1.75, 1.75, 1.5, 0.25], "texture": "#0"},
				"down": {"uv": [2, 0.25, 1.75, 1.75], "texture": "#0"}
			}
		}
	],
	"display": {
		"thirdperson_righthand": {
			"rotation": [90, 0, -1],
			"translation": [-5.75, -1.75, 13]
		},
		"thirdperson_lefthand": {
			"rotation": [90, 0, 0],
			"translation": [5, -1.5, 12.75]
		},
		"firstperson_righthand": {
			"rotation": [90, 0, 0],
			"translation": [10, 0, 0]
		},
		"firstperson_lefthand": {
			"rotation": [90, 0, 0],
			"translation": [25, 0, 0]
		},
		"ground": {
			"rotation": [45, 0, 0],
			"translation": [0, 17, 0]
		},
		"gui": {
			"rotation": [62, 51, -49],
			"translation": [3.75, 4, 2.5],
			"scale": [0.6, 0.6, 0.6]
		},
		"head": {
			"translation": [0, -29, 0],
			"scale": [1.6, 1.6, 1.6]
		},
		"fixed": {
			"rotation": [90, 0, 90],
			"translation": [-23.25, -2.25, -12.25],
			"scale": [2, 2, 2]
		}
	},
	"groups": [
		{
			"name": "Weapon",
			"children": [0, 1, 2, 3, 4, 5, 6, 7, 8]
		}
	]
}