{
	"credit": "Made with Blockbench",
	"textures": {
		"0": "./ehat_foxotic.png"
	},
	"elements": [
		{
			"from": [7, 10, 1.75],
			"to": [9.25, 12, 4],
			"shade": false,
			"faces": {
				"north": {"uv": [7.33333, 5.33333, 8, 6], "texture": "#0"},
				"east": {"uv": [6.66667, 5.33333, 7.33333, 6], "texture": "#0"},
				"south": {"uv": [8.66667, 5.33333, 9.33333, 6], "texture": "#0"},
				"west": {"uv": [8, 5.33333, 8.66667, 6], "texture": "#0"},
				"up": {"uv": [8, 5.33333, 7.33333, 4.66667], "texture": "#0"},
				"down": {"uv": [8.66667, 4.66667, 8, 5.33333], "texture": "#0"}
			}
		},
		{
			"from": [6.25, 10.5, 2.5],
			"to": [10, 11.5, 4],
			"shade": false,
			"faces": {
				"north": {"uv": [7, 4.33333, 8, 4.66667], "texture": "#0"},
				"east": {"uv": [6.66667, 4.33333, 7, 4.66667], "texture": "#0"},
				"south": {"uv": [8.33333, 4.33333, 9.33333, 4.66667], "texture": "#0"},
				"west": {"uv": [8, 4.33333, 8.33333, 4.66667], "texture": "#0"},
				"up": {"uv": [8, 4.33333, 7, 4], "texture": "#0"},
				"down": {"uv": [9, 4, 8, 4.33333], "texture": "#0"}
			}
		},
		{
			"from": [6.75, 10.5, 0.75],
			"to": [9.5, 12, 4],
			"shade": false,
			"faces": {
				"north": {"uv": [1, 3.33333, 1.66667, 3.66667], "texture": "#0"},
				"east": {"uv": [0, 3.33333, 1, 3.66667], "texture": "#0"},
				"south": {"uv": [2.66667, 3.33333, 3.33333, 3.66667], "texture": "#0"},
				"west": {"uv": [1.66667, 3.33333, 2.66667, 3.66667], "texture": "#0"},
				"up": {"uv": [1.66667, 3.33333, 1, 2.33333], "texture": "#0"},
				"down": {"uv": [2.33333, 2.33333, 1.66667, 3.33333], "texture": "#0"}
			}
		},
		{
			"from": [4.25, 11.5, 1.25],
			"to": [11.75, 14.5, 4.25],
			"faces": {
				"north": {"uv": [1, 6.33333, 3.33333, 7.33333], "texture": "#0"},
				"east": {"uv": [0, 6.33333, 1, 7.33333], "texture": "#0"},
				"south": {"uv": [4.33333, 6.33333, 6.66667, 7.33333], "texture": "#0"},
				"west": {"uv": [3.33333, 6.33333, 4.33333, 7.33333], "texture": "#0"},
				"up": {"uv": [3.33333, 6.33333, 1, 5.33333], "texture": "#0"},
				"down": {"uv": [5.66667, 5.33333, 3.33333, 6.33333], "texture": "#0"}
			}
		},
		{
			"from": [3.5, 11.75, 1.25],
			"to": [12.5, 14.25, 4],
			"faces": {
				"north": {"uv": [0.66667, 4.66667, 3.66667, 5.33333], "texture": "#0"},
				"east": {"uv": [0, 4.66667, 0.66667, 5.33333], "texture": "#0"},
				"south": {"uv": [4.33333, 4.66667, 7.33333, 5.33333], "texture": "#0"},
				"west": {"uv": [3.66667, 4.66667, 4.33333, 5.33333], "texture": "#0"},
				"up": {"uv": [3.66667, 4.66667, 0.66667, 4], "texture": "#0"},
				"down": {"uv": [6.66667, 4, 3.66667, 4.66667], "texture": "#0"}
			}
		},
		{
			"from": [3.25, 12.25, 2],
			"to": [12.75, 13.75, 12.5],
			"faces": {
				"north": {"uv": [3.33333, 3.66667, 6.33333, 4], "texture": "#0"},
				"east": {"uv": [0, 3.66667, 3.33333, 4], "texture": "#0"},
				"south": {"uv": [9.66667, 3.66667, 12.66667, 4], "texture": "#0"},
				"west": {"uv": [6.33333, 3.66667, 9.66667, 4], "texture": "#0"},
				"up": {"uv": [6.33333, 3.66667, 3.33333, 0.33333], "texture": "#0"},
				"down": {"uv": [9.33333, 0.33333, 6.33333, 3.66667], "texture": "#0"}
			}
		},
		{
			"from": [9, 14.5, 3.25],
			"to": [11, 15, 4.5],
			"faces": {
				"north": {"uv": [2.33333, 7.66667, 3, 7.66667], "texture": "#0"},
				"east": {"uv": [2, 7.66667, 2.33333, 7.66667], "texture": "#0"},
				"south": {"uv": [3.33333, 7.66667, 4, 7.66667], "texture": "#0"},
				"west": {"uv": [3, 7.66667, 3.33333, 7.66667], "texture": "#0"},
				"up": {"uv": [3, 7.66667, 2.33333, 7.33333], "texture": "#0"},
				"down": {"uv": [3.66667, 7.33333, 3, 7.66667], "texture": "#0"}
			}
		},
		{
			"from": [5, 14.5, 3.25],
			"to": [7, 15, 4.5],
			"faces": {
				"north": {"uv": [0.33333, 7.66667, 1, 7.66667], "texture": "#0"},
				"east": {"uv": [0, 7.66667, 0.33333, 7.66667], "texture": "#0"},
				"south": {"uv": [1.33333, 7.66667, 2, 7.66667], "texture": "#0"},
				"west": {"uv": [1, 7.66667, 1.33333, 7.66667], "texture": "#0"},
				"up": {"uv": [1, 7.66667, 0.33333, 7.33333], "texture": "#0"},
				"down": {"uv": [1.66667, 7.33333, 1, 7.66667], "texture": "#0"}
			}
		},
		{
			"from": [4.25, 16, 6],
			"to": [7, 19.5, 9.75],
			"faces": {
				"north": {"uv": [6.66667, 7.33333, 7.33333, 8.33333], "texture": "#0"},
				"east": {"uv": [5.66667, 7.33333, 6.66667, 8.33333], "texture": "#0"},
				"south": {"uv": [8.33333, 7.33333, 9, 8.33333], "texture": "#0"},
				"west": {"uv": [7.33333, 7.33333, 8.33333, 8.33333], "texture": "#0"},
				"up": {"uv": [7.33333, 7.33333, 6.66667, 6.33333], "texture": "#0"},
				"down": {"uv": [8, 6.33333, 7.33333, 7.33333], "texture": "#0"}
			}
		},
		{
			"from": [9, 16, 6],
			"to": [11.75, 19.5, 9.75],
			"faces": {
				"north": {"uv": [1, 1.33333, 1.66667, 2.33333], "texture": "#0"},
				"east": {"uv": [0, 1.33333, 1, 2.33333], "texture": "#0"},
				"south": {"uv": [2.66667, 1.33333, 3.33333, 2.33333], "texture": "#0"},
				"west": {"uv": [1.66667, 1.33333, 2.66667, 2.33333], "texture": "#0"},
				"up": {"uv": [1.66667, 1.33333, 1, 0.33333], "texture": "#0"},
				"down": {"uv": [2.33333, 0.33333, 1.66667, 1.33333], "texture": "#0"}
			}
		}
	],
	"display": {
		"head": {
			"translation": [0, -7.25, 0],
			"scale": [1.6, 1.6, 1.6]
		}
	},
	"groups": [
		{
			"name": "Flurry",
			"children": [
				{
					"name": "exclusive_hat_foxotic",
					"children": [
						{
							"name": "Snout",
							"children": [0, 1, 2]
						},
						{
							"name": "VR",
							"children": [3, 4, 5]
						},
						{
							"name": "Eyebrows",
							"children": [6, 7]
						},
						{
							"name": "Ears",
							"children": [8, 9]
						}
					]
				}
			]
		}
	]
}