{
	"credit": "Made with Blockbench",
	"textures": {
		"0": "./top_hat.png"
	},
	"elements": [
		{
			"from": [4, 0, 4],
			"to": [12, 11, 12],
			"faces": {
				"north": {"uv": [2.66667, 6.66667, 5.33333, 10.33333], "texture": "#0"},
				"east": {"uv": [0, 6.66667, 2.66667, 10.33333], "texture": "#0"},
				"south": {"uv": [8, 6.66667, 10.66667, 10.33333], "texture": "#0"},
				"west": {"uv": [5.33333, 6.66667, 8, 10.33333], "texture": "#0"},
				"up": {"uv": [5.33333, 6.66667, 2.66667, 4], "texture": "#0"},
				"down": {"uv": [8, 4, 5.33333, 6.66667], "texture": "#0"}
			}
		},
		{
			"from": [3, 0, 3],
			"to": [13, 1, 13],
			"faces": {
				"north": {"uv": [3.33333, 3.66667, 6.66667, 4], "texture": "#0"},
				"east": {"uv": [0, 3.66667, 3.33333, 4], "texture": "#0"},
				"south": {"uv": [10, 3.66667, 13.33333, 4], "texture": "#0"},
				"west": {"uv": [6.66667, 3.66667, 10, 4], "texture": "#0"},
				"up": {"uv": [6.66667, 3.66667, 3.33333, 0.33333], "texture": "#0"},
				"down": {"uv": [10, 0.33333, 6.66667, 3.66667], "texture": "#0"}
			}
		}
	],
	"display": {
		"thirdperson_righthand": {
			"translation": [0.25, 0, -2.5],
			"scale": [0.6, 0.6, 0.6]
		},
		"thirdperson_lefthand": {
			"translation": [0, 0, -1.75],
			"scale": [0.6, 0.6, 0.6]
		},
		"firstperson_righthand": {
			"translation": [6.5, 0.5, 0]
		},
		"ground": {
			"translation": [0, 4.5, 0]
		},
		"gui": {
			"translation": [0, 2.5, 0]
		},
		"head": {
			"translation": [0, 14.5, 0]
		},
		"fixed": {
			"translation": [0, 2.25, 3.5]
		}
	},
	"groups": [
		{
			"name": "group",
			"children": [0, 1]
		}
	]
}