{
	"credit": "Made with Blockbench",
	"textures": {
		"0": "./miniman_2d.png",
		"4": "./ears.png",
		"5": "./mouth.png"
	},
	"elements": [
		{
			"from": [6.6, 15.1, 8.6],
			"to": [10.9, 21.85, 12.7],
			"rotation": {"angle": 22.5, "axis": "z", "origin": [8.4, 7.5, 10]},
			"faces": {
				"north": {"uv": [6.66667, 1.33333, 8, 3.33333], "texture": "#4"},
				"east": {"uv": [5.33333, 1.33333, 6.66667, 3.33333], "texture": "#4"},
				"south": {"uv": [9.33333, 1.33333, 10.66667, 3.33333], "texture": "#4"},
				"west": {"uv": [8, 1.33333, 9.33333, 3.33333], "texture": "#4"},
				"up": {"uv": [8, 1.33333, 6.66667, 0], "texture": "#4", "cullface": "up"},
				"down": {"uv": [9.33333, 0, 8, 1.33333], "texture": "#4"}
			}
		},
		{
			"from": [8, 15.1, 8.6],
			"to": [12.3, 21.85, 12.7],
			"faces": {
				"north": {"uv": [1.33333, 1.33333, 2.66667, 3.33333], "texture": "#4", "cullface": "up"},
				"east": {"uv": [0, 1.33333, 1.33333, 3.33333], "texture": "#4"},
				"south": {"uv": [4, 1.33333, 5.33333, 3.33333], "texture": "#4"},
				"west": {"uv": [2.66667, 1.33333, 4, 3.33333], "texture": "#4"},
				"up": {"uv": [2.66667, 1.33333, 1.33333, 0], "texture": "#4", "cullface": "up"},
				"down": {"uv": [4, 0, 2.66667, 1.33333], "texture": "#4"}
			}
		},
		{
			"from": [3.3, 9.4, 5.1],
			"to": [5, 13.4, 10.7],
			"faces": {
				"north": {"uv": [1.66667, 5, 2, 6.33333], "texture": "#4"},
				"south": {"uv": [3.66667, 5, 4, 6.33333], "texture": "#4"},
				"west": {"uv": [2, 5, 3.66667, 6.33333], "texture": "#4"},
				"up": {"uv": [2, 5, 1.66667, 3.33333], "texture": "#4"},
				"down": {"uv": [2.33333, 3.33333, 2, 5], "texture": "#4"}
			}
		},
		{
			"from": [11.05, 9.4, 5.1],
			"to": [12.75, 13.4, 10.7],
			"faces": {
				"north": {"uv": [12.33333, 1.66667, 12.66667, 3], "texture": "#4"},
				"east": {"uv": [10.66667, 1.66667, 12.33333, 3], "texture": "#4"},
				"south": {"uv": [14.33333, 1.66667, 14.66667, 3], "texture": "#4"},
				"up": {"uv": [12.66667, 1.66667, 12.33333, 0], "texture": "#4"},
				"down": {"uv": [13, 0, 12.66667, 1.66667], "texture": "#4"}
			}
		},
		{
			"from": [7, 12, 3.8],
			"to": [9, 13, 4.8],
			"rotation": {"angle": 45, "axis": "x", "origin": [8.5, 12.5, 3.5]},
			"faces": {
				"north": {"uv": [11, 0.33333, 11.66667, 0.66667], "texture": "#5"},
				"east": {"uv": [10.66667, 0.33333, 11, 0.66667], "texture": "#5"},
				"west": {"uv": [11.66667, 0.33333, 12, 0.66667], "texture": "#5"}
			}
		},
		{
			"from": [5.95, 10, 2.8],
			"to": [10.05, 12, 4.8],
			"faces": {
				"north": {"uv": [0.66667, 0.66667, 2, 1.33333], "texture": "#5"},
				"east": {"uv": [0, 0.66667, 0.66667, 1.33333], "texture": "#5"},
				"west": {"uv": [2, 0.66667, 2.66667, 1.33333], "texture": "#5"},
				"up": {"uv": [2, 0.66667, 0.66667, 0], "texture": "#5"},
				"down": {"uv": [3.33333, 0, 2, 0.66667], "texture": "#5"}
			}
		},
		{
			"from": [6, 9.5, 3.25],
			"to": [10, 10.05, 4.8],
			"faces": {
				"north": {"uv": [4.33333, 0.33333, 5.66667, 0.33333], "texture": "#5"},
				"east": {"uv": [4, 0.33333, 4.33333, 0.33333], "texture": "#5"},
				"west": {"uv": [5.66667, 0.33333, 6, 0.33333], "texture": "#5"},
				"down": {"uv": [7, 0, 5.66667, 0.33333], "texture": "#5"}
			}
		},
		{
			"from": [5.95, 11.6, 3.95],
			"to": [7.05, 12.55, 3.95],
			"faces": {
				"north": {"uv": [4.167, 0, 5.5, 0], "texture": "#5"},
				"east": {"uv": [4, 0.33333, 4.33333, 0.33333], "texture": "#5"},
				"west": {"uv": [5.66667, 0.33333, 6, 0.33333], "texture": "#5"},
				"down": {"uv": [7, 0, 5.66667, 0.33333], "texture": "#5"}
			}
		},
		{
			"from": [8.95, 11.6, 3.95],
			"to": [10.05, 12.55, 3.95],
			"faces": {
				"north": {"uv": [4.167, 0, 5.5, 0], "texture": "#5"},
				"east": {"uv": [4, 0.33333, 4.33333, 0.33333], "texture": "#5"},
				"west": {"uv": [5.66667, 0.33333, 6, 0.33333], "texture": "#5"},
				"down": {"uv": [7, 0, 5.66667, 0.33333], "texture": "#5"}
			}
		},
		{
			"name": "head",
			"from": [4, 8.5, 4],
			"to": [12, 16.5, 12],
			"faces": {
				"north": {"uv": [2, 2, 4, 4], "texture": "#0"},
				"east": {"uv": [0, 2, 2, 4], "texture": "#0"},
				"south": {"uv": [6, 2, 8, 4], "texture": "#0"},
				"west": {"uv": [4, 2, 6, 4], "texture": "#0"},
				"up": {"uv": [4, 2, 2, 0], "texture": "#0"},
				"down": {"uv": [6, 0, 4, 2], "texture": "#0"}
			}
		}
	],
	"display": {
		"thirdperson_righthand": {
			"rotation": [0, 165, 0],
			"translation": [0.25, -0.75, 0],
			"scale": [0.5, 0.5, 0.1]
		},
		"thirdperson_lefthand": {
			"rotation": [17, 163, -4],
			"translation": [0, -0.25, 0],
			"scale": [0.5, 0.5, 0.1]
		},
		"firstperson_righthand": {
			"rotation": [0, 132, 0],
			"translation": [0, -0.75, 0],
			"scale": [0.8, 0.8, 0.1]
		},
		"firstperson_lefthand": {
			"rotation": [0, 131, 0],
			"translation": [2.25, -2.25, 0],
			"scale": [0.8, 0.8, 0.1]
		},
		"ground": {
			"translation": [0, -3.25, 0],
			"scale": [1, 1, 0.1]
		},
		"gui": {
			"rotation": [0, 180, 0],
			"translation": [-0.25, -7.25, 0],
			"scale": [1, 1, 0.06]
		},
		"head": {
			"translation": [0, -7.25, 0],
			"scale": [1.61, 1.61, 1.61]
		},
		"fixed": {
			"translation": [0.25, -7, -0.5],
			"scale": [1, 1, 0.04]
		}
	},
	"groups": [
		{
			"name": "head",
			"children": [
				{
					"name": "group",
					"children": [0, 1, 2, 3]
				},
				{
					"name": "mouth",
					"children": [4, 5, 6, 7, 8]
				}
			]
		},
		{
			"name": "alex",
			"children": [9]
		}
	]
}