{
	"credit": "Made with Blockbench",
	"textures": {
		"5": "./tail.png"
	},
	"elements": [
		{
			"from": [6.1, -3, 9.2],
			"to": [10.5, -0.2, 13.2],
			"faces": {
				"north": {"uv": [7.5, 0.5, 9.5, 1.5], "texture": "#5"},
				"east": {"uv": [7, 0.5, 7.5, 1.5], "texture": "#5"},
				"south": {"uv": [10, 0.5, 12, 1.5], "texture": "#5"},
				"west": {"uv": [9.5, 0.5, 10, 1.5], "texture": "#5"},
				"up": {"uv": [9.5, 0.5, 7.5, 0], "texture": "#5"},
				"down": {"uv": [11.5, 0, 9.5, 0.5], "texture": "#5"}
			}
		},
		{
			"from": [6.3, -2.7, 11.4],
			"to": [10.2, 1.7, 14.2],
			"faces": {
				"north": {"uv": [2, 2, 3.5, 4], "texture": "#5"},
				"east": {"uv": [0, 2, 2, 4], "texture": "#5"},
				"south": {"uv": [5.5, 2, 7, 4], "texture": "#5"},
				"west": {"uv": [3.5, 2, 5.5, 4], "texture": "#5"},
				"up": {"uv": [3.5, 2, 2, 0], "texture": "#5"},
				"down": {"uv": [5, 0, 3.5, 2], "texture": "#5"}
			}
		},
		{
			"from": [7.2, 1.7, 12.1],
			"to": [9, 3.8, 13.9],
			"faces": {
				"north": {"uv": [7.5, 2, 8.5, 3], "texture": "#5"},
				"east": {"uv": [7, 2, 7.5, 3], "texture": "#5"},
				"south": {"uv": [9, 2, 10, 3], "texture": "#5"},
				"west": {"uv": [8.5, 2, 9, 3], "texture": "#5"},
				"up": {"uv": [8.5, 2, 7.5, 1.5], "texture": "#5"},
				"down": {"uv": [9.5, 1.5, 8.5, 2], "texture": "#5"}
			}
		}
	],
	"display": {
		"thirdperson_righthand": {
			"rotation": [85, 0, 0],
			"translation": [-6, -3.75, 13]
		},
		"thirdperson_lefthand": {
			"rotation": [85, 0, 0],
			"translation": [-6, -2.5, 12.5]
		},
		"ground": {
			"translation": [0, 7.25, 0]
		},
		"gui": {
			"rotation": [0, -16, 0],
			"translation": [0, 10.75, 0],
			"scale": [1.5, 1.5, 0.5]
		},
		"head": {
			"translation": [0, -29, 0],
			"scale": [0, 0, 0]
		},
		"fixed": {
			"scale": [0, 0, 0]
		}
	},
	"groups": [
		{
			"name": "tail",
			"children": [0, 1, 2]
		}
	]
}