{
	"credit": "Made with Blockbench",
	"textures": {
		"2": "miniman/tail",
		"4": "miniman/ears",
		"5": "miniman/mouth"
	},
	"elements": [
		{
			"from": [6.6, 15.1, 8.6],
			"to": [10.9, 21.85, 12.7],
			"rotation": {"angle": 22.5, "axis": "z", "origin": [8.4, 7.5, 10]},
			"faces": {
				"north": {"uv": [6.66667, 1.33333, 8, 3.33333], "texture": "#4"},
				"east": {"uv": [5.33333, 1.33333, 6.66667, 3.33333], "texture": "#4"},
				"south": {"uv": [9.33333, 1.33333, 10.66667, 3.33333], "texture": "#4"},
				"west": {"uv": [8, 1.33333, 9.33333, 3.33333], "texture": "#4"},
				"up": {"uv": [8, 1.33333, 6.66667, 0], "texture": "#4"},
				"down": {"uv": [9.33333, 0, 8, 1.33333], "texture": "#4"}
			}
		},
		{
			"from": [8, 15.1, 8.6],
			"to": [12.3, 21.85, 12.7],
			"faces": {
				"north": {"uv": [1.33333, 1.33333, 2.66667, 3.33333], "texture": "#4"},
				"east": {"uv": [0, 1.33333, 1.33333, 3.33333], "texture": "#4"},
				"south": {"uv": [4, 1.33333, 5.33333, 3.33333], "texture": "#4"},
				"west": {"uv": [2.66667, 1.33333, 4, 3.33333], "texture": "#4"},
				"up": {"uv": [2.66667, 1.33333, 1.33333, 0], "texture": "#4"},
				"down": {"uv": [4, 0, 2.66667, 1.33333], "texture": "#4"}
			}
		},
		{
			"from": [6, 16, 3.5],
			"to": [10, 17, 6.5],
			"faces": {
				"north": {"uv": [5, 4.33333, 6.33333, 4.66667], "texture": "#4"},
				"east": {"uv": [4, 4.33333, 5, 4.66667], "texture": "#4"},
				"south": {"uv": [7.33333, 4.33333, 8.66667, 4.66667], "texture": "#4"},
				"west": {"uv": [6.33333, 4.33333, 7.33333, 4.66667], "texture": "#4"},
				"up": {"uv": [6.33333, 4.33333, 5, 3.33333], "texture": "#4"},
				"down": {"uv": [7.66667, 3.33333, 6.33333, 4.33333], "texture": "#4"}
			}
		},
		{
			"from": [3.3, 9.4, 5.1],
			"to": [5, 13.4, 10.7],
			"faces": {
				"north": {"uv": [1.66667, 5, 2, 6.33333], "texture": "#4"},
				"east": {"uv": [0, 5, 1.66667, 6.33333], "texture": "#4"},
				"south": {"uv": [3.66667, 5, 4, 6.33333], "texture": "#4"},
				"west": {"uv": [2, 5, 3.66667, 6.33333], "texture": "#4"},
				"up": {"uv": [2, 5, 1.66667, 3.33333], "texture": "#4"},
				"down": {"uv": [2.33333, 3.33333, 2, 5], "texture": "#4"}
			}
		},
		{
			"from": [11.05, 9.4, 5.1],
			"to": [12.75, 13.4, 10.7],
			"faces": {
				"north": {"uv": [12.33333, 1.66667, 12.66667, 3], "texture": "#4"},
				"east": {"uv": [10.66667, 1.66667, 12.33333, 3], "texture": "#4"},
				"south": {"uv": [14.33333, 1.66667, 14.66667, 3], "texture": "#4"},
				"west": {"uv": [12.66667, 1.66667, 14.33333, 3], "texture": "#4"},
				"up": {"uv": [12.66667, 1.66667, 12.33333, 0], "texture": "#4"},
				"down": {"uv": [13, 0, 12.66667, 1.66667], "texture": "#4"}
			}
		},
		{
			"from": [6.1, -3, 9.2],
			"to": [10.5, -0.2, 13.2],
			"faces": {
				"north": {"uv": [7.5, 0.5, 9.5, 1.5], "texture": "#2"},
				"east": {"uv": [7, 0.5, 7.5, 1.5], "texture": "#2"},
				"south": {"uv": [10, 0.5, 12, 1.5], "texture": "#2"},
				"west": {"uv": [9.5, 0.5, 10, 1.5], "texture": "#2"},
				"up": {"uv": [9.5, 0.5, 7.5, 0], "texture": "#2"},
				"down": {"uv": [11.5, 0, 9.5, 0.5], "texture": "#2"}
			}
		},
		{
			"from": [6.3, -2.7, 11.4],
			"to": [10.2, 1.7, 14.2],
			"faces": {
				"north": {"uv": [2, 2, 3.5, 4], "texture": "#2"},
				"east": {"uv": [0, 2, 2, 4], "texture": "#2"},
				"south": {"uv": [5.5, 2, 7, 4], "texture": "#2"},
				"west": {"uv": [3.5, 2, 5.5, 4], "texture": "#2"},
				"up": {"uv": [3.5, 2, 2, 0], "texture": "#2"},
				"down": {"uv": [5, 0, 3.5, 2], "texture": "#2"}
			}
		},
		{
			"from": [7.2, 1.7, 12.1],
			"to": [9, 3.8, 13.9],
			"faces": {
				"north": {"uv": [7.5, 2, 8.5, 3], "texture": "#2"},
				"east": {"uv": [7, 2, 7.5, 3], "texture": "#2"},
				"south": {"uv": [9, 2, 10, 3], "texture": "#2"},
				"west": {"uv": [8.5, 2, 9, 3], "texture": "#2"},
				"up": {"uv": [8.5, 2, 7.5, 1.5], "texture": "#2"},
				"down": {"uv": [9.5, 1.5, 8.5, 2], "texture": "#2"}
			}
		},
		{
			"from": [7, 12, 3.8],
			"to": [9, 13, 4.8],
			"rotation": {"angle": 45, "axis": "x", "origin": [8.5, 12.5, 3.5]},
			"faces": {
				"north": {"uv": [11, 0.33333, 11.66667, 0.66667], "texture": "#5"},
				"east": {"uv": [10.66667, 0.33333, 11, 0.66667], "texture": "#5"},
				"south": {"uv": [12, 0.33333, 12.66667, 0.66667], "texture": "#5"},
				"west": {"uv": [11.66667, 0.33333, 12, 0.66667], "texture": "#5"},
				"up": {"uv": [11.66667, 0.33333, 11, 0], "texture": "#5"},
				"down": {"uv": [12.33333, 0, 11.66667, 0.33333], "texture": "#5"}
			}
		},
		{
			"from": [6, 10, 2.8],
			"to": [10, 12, 4.8],
			"faces": {
				"north": {"uv": [0.66667, 0.66667, 2, 1.33333], "texture": "#5"},
				"east": {"uv": [0, 0.66667, 0.66667, 1.33333], "texture": "#5"},
				"south": {"uv": [2.66667, 0.66667, 4, 1.33333], "texture": "#5"},
				"west": {"uv": [2, 0.66667, 2.66667, 1.33333], "texture": "#5"},
				"up": {"uv": [2, 0.66667, 0.66667, 0], "texture": "#5"},
				"down": {"uv": [3.33333, 0, 2, 0.66667], "texture": "#5"}
			}
		},
		{
			"from": [6, 9.5, 3.25],
			"to": [10, 10.05, 4.8],
			"faces": {
				"north": {"uv": [4.33333, 0.33333, 5.66667, 0.33333], "texture": "#5"},
				"east": {"uv": [4, 0.33333, 4.33333, 0.33333], "texture": "#5"},
				"south": {"uv": [6, 0.33333, 7.33333, 0.33333], "texture": "#5"},
				"west": {"uv": [5.66667, 0.33333, 6, 0.33333], "texture": "#5"},
				"up": {"uv": [5.66667, 0.33333, 4.33333, 0], "texture": "#5"},
				"down": {"uv": [7, 0, 5.66667, 0.33333], "texture": "#5"}
			}
		},
		{
			"from": [6, 10, 3.95],
			"to": [10, 12.5, 4.85],
			"faces": {
				"north": {"uv": [7.33333, 0, 8.66667, 0.66667], "texture": "#5"},
				"east": {"uv": [7.33333, 0, 7.33333, 0.66667], "texture": "#5"},
				"south": {"uv": [8.66667, 0, 10, 0.66667], "texture": "#5"},
				"west": {"uv": [8.66667, 0, 8.66667, 0.66667], "texture": "#5"},
				"up": {"uv": [8.66667, 0, 7.33333, 0], "texture": "#5"},
				"down": {"uv": [10, 0, 8.66667, 0], "texture": "#5"}
			}
		}
	],
	"display": {
		"thirdperson_righthand": {
			"rotation": [85, 0, 0],
			"translation": [-5.5, -3.25, 13.75]
		},
		"head": {
			"translation": [0, -29, 0],
			"scale": [1.6, 1.6, 1.6]
		}
	},
	"groups": [
		{
			"name": "head",
			"children": [
				{
					"name": "group",
					"children": [0, 1, 2, 3, 4]
				}
			]
		},
		{
			"name": "tail",
			"children": [5, 6, 7]
		},
		{
			"name": "mouth",
			"children": [8, 9, 10, 11]
		}
	]
}